<?xml version="1.0" encoding="ISO-8859-1"?>
<jboss-deployment-structure xmlns="urn:jboss:deployment-structure:1.2">
<deployment>
	<dependencies>
		<!-- Required to allow hot-deployment of war file -->
		<module name="asm.asm" />
		<module name="mis.core.sso" />
   		<module name="ehcache" />
	</dependencies>	
	
        <exclusions>
            <module name="com.fasterxml.jackson.core.jackson-core" />
            <module name="com.fasterxml.jackson.core.jackson-databind" />
            <module name="com.fasterxml.jackson.jaxrs.jackson-jaxrs-json-provider" />
            <module name="org.jboss.resteasy.resteasy-jackson2-provider" />
        </exclusions>	
</deployment>
</jboss-deployment-structure>
